septar,septar,septar,septar,septar
septar,septar,septar,septar,septar
septar,septar,septar,septar,septar
septar,septar,septar,septar,septar
septar,septar,septar,septar,septar
septar,septar,septar,septar,septar
septar,septar,septar,septar,septar
septar,septar,septar,septar,septar
septar,septar,septar,septar,septar
septar,septar,septar,septar,septar
septar,septar,septar,septar,septar
septar,septar,septar,septar,septar
septar,septar,septar,septar,septar
septar,septar,septar,septar,septar
septar,septar,septar,septar,septar
septar,septar,septar,septar,septar
septar,septar,septar,septar,septar
septar,septar,septar,septar,septar
septar,septar,septar,septar,septar
septar,septar,septar,septar,septar